ID,0,1,2,3,4,5,6,7,8,9,10,11,12,13,14,15,16,17,18,19,20,21,22,23,24,25,26,27,28,29,30,31,32,33,34,35,36,37,38,39,40,41,42,43,44,45,46,47,48,49,50,51,52,53,54,55,56,57,58,59,60,61,62,63,64,65,66,67,68,69,70,71,72,73,74,75,76,77,78,79,80,81,82,83,84,85,86,87,88,89,90,91,92,93,94,95,96,97,98,99,100,101,102,103,104,105,106,107,108,109,110,111,112,113,114,115,116,117,118,119,120,121,122,123,124,125,126,127,128,129,130,131,132,133,134,135,136,137,138,139,140,141,142,143,144,145,146,147,148,149,150,151,152,153,154,155,156,157,158,159,160,161,162,163,164,165,166,167,168,169,170,171,172,173,174,175,176,177,178,179,180,181,182,183,184,185,186,187,188,189,190,191,192,193,194,195,196,197,198,199,200,201,202,203,204,205,206,207,208,209,210,211,212,213,214,215,216,217,218,219,220,221,222,223,224,225,226,227,228,229,230,231,232,233,234,235,236,237,238,239,240,241,242,243,244,245,246,247,248,249,250,251,252,253,254,255,256,257,258,259,260,261,262,263,264,265,266,267,268,269,270,271,272,273,274,275,276,277,278,279,280,281,282,283,284,285,286,287,288,289,290,291,292,293,294,295,296,297,298,299,300,301,302
IMP080214112018,0.0,-5.634632790499006,-11.267936760464915,-16.899193628528486,-21.010320590412984,-24.414421807973216,-26.477002647438148,-28.48264000904924,-30.446097016694534,-32.31287314219115,-34.1400702319372,-35.903046579468864,-37.589466173714634,-39.23587913714028,-40.79539749592583,-42.299116704465405,-43.755789570640715,-45.115484728522254,-46.43415969690027,-47.682908581380744,-48.85564323971492,-49.98693011347603,-51.0247776876292,-52.00820799196066,-52.93948841271298,-53.773731851842854,-54.56551394771625,-55.281427065192545,-55.922106036478546,-56.519896069438516,-57.0174645550063,-57.46223520399307,-57.84951487536941,-58.13993584461103,-58.38645431684322,-58.550923363362315,-58.64122622981053,-58.68993510170856,-58.679642744297006,-58.66095818769257,-58.6318832892303,-58.58734745498745,-58.535660759784065,-58.47017873287729,-58.39363446494673,-58.31016107186228,-58.2098158547202,-58.102478593819825,-57.98528075838855,-57.85476947440403,-57.717854661251735,-57.56810954289897,-57.40901441157378,-57.243574628588725,-57.06298902382242,-56.87652548587444,-56.68085432728172,-56.47389402080388,-56.26127751695101,-56.036918920959856,-55.804799353488356,-55.56667601562642,-55.31574322926808,-55.05967984152084,-54.79518497357427,-54.52130207185143,-54.24251030454633,-53.95318784472435,-53.65757026835489,-53.356412989423646,-53.04465944872162,-52.728522638423435,-52.4048536749306,-52.0735746052111,-51.73813400170209,-51.39349729185687,-51.04390813383778,-50.68936652764482,-50.32631865984744,-49.95963485424666,-49.58644140901514,-49.207292598547305,-48.824729586082725,-48.434428240021845,-48.04039392760146,-47.64211760795437,-47.237301840309954,-46.82959746665491,-46.41652915349228,-45.99903702952446,-45.578878035352645,-45.15256166688369,-44.72360862731035,-44.2912472080167,-43.85418996777359,-43.41499145331261,-42.971697886026455,-42.525388875806975,-42.077160327176266,-41.62447855010682,-41.170133210628855,-40.71333630549621,-40.253564019902775,-39.792397791884206,-39.3285285842821,-38.862929115059295,-38.3961027330509,-37.926759867355656,-37.4565486552214,-36.984965878057366,-36.5120049743619,-36.03839746003406,-35.5636022259236,-35.08823872494582,-34.61241623919058,-34.135986596294615,-33.659435938752395,-33.18271690336455,-32.7060938088154,-32.22945857050437,-31.75250281513522,-31.243736413613004,-30.705756153378765,-30.084030964182787,-29.429137329608402,-28.717361479073638,-27.954340338675504,-27.16347878326312,-26.31500622051911,-25.439894628692773,-24.536985789128366,-23.594200255354412,-22.636203711873875,-21.652246477237128,-20.650453461218763,-19.638777465858006,-18.61087071424022,-17.579275715751443,-16.543306284927333,-15.508368377776854,-14.476176896591673,-13.451906265923416,-12.440249345486317,-11.436666881378665,-10.461193928957535,-9.50202349500782,-8.564861460994479,-7.666679151668982,-6.7892007039806,-5.956484665351294,-5.163871811696965,-4.3972908500439125,-3.7061196848899245,-3.048281786680721,-2.441795137548615,-1.9092763972495923,-1.4154189542595152,-1.0061254957396375,-0.6614646800695319,-0.3646798961400028,-0.18579180225618838,-0.057406543941286886,-0.011285047099568929,0.0,0.0,0.0,0.0,0.0,0.0,0.0,0.0,0.0,0.0,0.0,0.0,0.0,0.0,0.0,0.0,0.0,0.0,0.0,0.0,0.0,0.0,0.0,0.0,0.0,0.0,0.0,0.0,0.0,0.0,0.0,0.0,0.0,0.0,0.0,0.0,0.0,0.0,0.0,0.0,0.0,0.0,0.0,0.0,0.0,0.0,0.0,0.0,0.0,0.0,0.0,0.0,0.0,0.0,0.0,0.0,0.0,0.0,0.0,0.0,0.0,0.0,0.0,0.0,0.0,0.0,0.0,0.0,0.0,0.0,0.0,0.0,0.0,0.0,0.0,0.0,0.0,0.0,0.0,0.0,0.0,0.0,0.0,0.0,0.0,0.0,0.0,0.0,0.0,0.0,0.0,0.0,0.0,0.0,0.0,0.0,0.0,0.0,0.0,0.0,0.0,0.0,0.0,0.0,0.0,0.0,0.0,0.0,0.0,0.0,0.0,0.0,0.0,0.0,0.0,0.0,0.0,0.0,0.0,0.0,0.0,0.0,0.0,0.0,0.0,0.0,0.0,0.0,0.0,0.0,0.0,0.0,0.0,0.0,0.0,0.0,0.0,0.0,0.0,0.0
IMP112622082019,0.0,-9.030387498584481,-18.8063421499686,-28.375379820509522,-36.40103982173486,-41.98028907878941,-45.31443284773647,-48.15399961682668,-50.888634844090944,-53.52171120300994,-56.03827143401311,-58.44862349574484,-60.7577585155573,-62.9523928210459,-65.03955335647649,-67.02583867641377,-68.89962766896028,-70.6646883173211,-72.32921557661459,-73.88323986879148,-75.3272922693139,-76.671153107195,-77.90649331157474,-79.03062910349014,-80.05491515919022,-80.97265188834527,-81.77796271088503,-82.48376562363546,-83.08497949013834,-83.57255698253384,-83.96096839156598,-84.24674000798915,-84.41767580947177,-84.48982958694629,-84.48453773539399,-84.43300963817434,-84.34712701262012,-84.227389332337,-84.06830778437542,-83.87697540992698,-83.6540241678129,-83.39447945039251,-83.1044156006926,-82.78483658517477,-82.43161159580387,-82.04953454449522,-81.64004602921634,-81.19979118018773,-80.73241920091303,-80.23973945951583,-79.71910516312231,-79.17315652952432,-78.60400383565153,-78.00964050418588,-77.39183348990728,-76.75292611720164,-76.09148416295669,-75.40853704164022,-74.70659326374441,-73.98472309901294,-73.24335414430132,-72.48509223485809,-71.7094442719329,-70.91637175746885,-70.10850999012091,-69.28573464129477,-68.44767684072102,-67.59693348911111,-66.73368116667683,-65.8573563536361,-64.97044969140694,-64.07337080765733,-63.165497255792324,-62.24914555658661,-61.324890523814446,-60.392186506767935,-59.453108044228394,-58.50828709501704,-57.55751106614114,-56.602424113910516,-55.64369837685579,-54.68155789349021,-53.71718072521122,-52.75126847395584,-51.78441394839338,-50.817464837708734,-49.85108434589543,-48.88616619042888,-47.92336341098132,-46.96231438005313,-45.91630220268864,-44.72571581302663,-43.40746504099337,-41.96020820548157,-40.39889310226994,-38.743889024336845,-36.99871605092276,-35.17517434246246,-33.291919066930554,-31.35623608302325,-29.378969877615276,-27.375965512785456,-25.35717864579402,-23.33469005173934,-21.32043870591262,-19.325954083246014,-17.36674520884561,-15.449748990323,-13.58697273939031,-11.799545692945165,-10.088306710027563,-8.464644958237844,-6.957501848048946,-5.560522209037372,-4.283912363259244,-3.1650240181679434,-2.190805831363378,-1.3709328454420668,-0.7465225473132042,-0.303567921016608,-0.04893390325305022,0.0,0.0,0.0,0.0,0.0,0.0,0.0,0.0,0.0,0.0,0.0,0.0,0.0,0.0,0.0,0.0,0.0,0.0,0.0,0.0,0.0,0.0,0.0,0.0,0.0,0.0,0.0,0.0,0.0,0.0,0.0,0.0,0.0,0.0,0.0,0.0,0.0,0.0,0.0,0.0,0.0,0.0,0.0,0.0,0.0,0.0,0.0,0.0,0.0,0.0,0.0,0.0,0.0,0.0,0.0,0.0,0.0,0.0,0.0,0.0,0.0,0.0,0.0,0.0,0.0,0.0,0.0,0.0,0.0,0.0,0.0,0.0,0.0,0.0,0.0,0.0,0.0,0.0,0.0,0.0,0.0,0.0,0.0,0.0,0.0,0.0,0.0,0.0,0.0,0.0,0.0,0.0,0.0,0.0,0.0,0.0,0.0,0.0,0.0,0.0,0.0,0.0,0.0,0.0,0.0,0.0,0.0,0.0,0.0,0.0,0.0,0.0,0.0,0.0,0.0,0.0,0.0,0.0,0.0,0.0,0.0,0.0,0.0,0.0,0.0,0.0,0.0,0.0,0.0,0.0,0.0,0.0,0.0,0.0,0.0,0.0,0.0,0.0,0.0,0.0,0.0,0.0,0.0,0.0,0.0,0.0,0.0,0.0,0.0,0.0,0.0,0.0,0.0,0.0,0.0,0.0,0.0,0.0,0.0,0.0,0.0,0.0,0.0,0.0,0.0,0.0,0.0,0.0,0.0,0.0,0.0,0.0,0.0,0.0,0.0,0.0,0.0,0.0,0.0,0.0,0.0,0.0
IMP079519112018,0.0,-5.911137727871967,-12.098158121108646,-18.459651065005726,-24.888606664452567,-31.255746146590393,-37.4594367672676,-43.328096062030816,-48.79454517137066,-53.75962400712884,-57.98989550703351,-61.636430120490644,-65.12097173443233,-68.58264707316961,-72.01623843666677,-75.41486768998396,-78.76247903425353,-82.0574968392596,-85.29359825677956,-88.45072119244388,-91.53054996378609,-94.52750807033593,-97.41771818325755,-100.20574244576302,-102.88694176616994,-105.43381464221142,-107.85341892070736,-110.14224397979852,-112.26935520482233,-114.24392402413592,-116.06375934673848,-117.69468450660717,-119.14760239156557,-120.42183250250672,-121.48014718308279,-122.3347986585132,-122.9868080826201,-123.39608786976609,-123.57596682510258,-123.57702381486139,-123.47454802566034,-123.29444247428833,-123.04250960931961,-122.71087420036186,-122.30790739838999,-121.83936465411485,-121.29851417987598,-120.69268054316605,-120.02752233544629,-119.29740135040193,-118.50869529481574,-117.66691603951317,-116.76746909813893,-115.81588503953829,-114.81747915251471,-113.76865080928619,-112.67418316353289,-111.5391450606501,-110.36087987004292,-109.14352305299876,-107.89184715011858,-106.60408966660835,-105.28383809413512,-103.93551880711932,-102.55821358518166,-101.15506167314119,-99.73009341785159,-98.28318501196209,-96.81712717621616,-95.33550436851455,-93.83893733314885,-92.32996798955926,-90.81168504530746,-89.28540393494114,-87.75351749936969,-86.21856883442948,-84.68251820353818,-83.14770909184669,-81.61608912207987,-80.0902135251392,-78.57247615318947,-77.06417929445784,-75.56842328594341,-74.08775206959722,-72.62277273776259,-71.17708087215,-69.75347022726916,-68.35180283819334,-66.9761196699582,-65.62956401240451,-64.3112029819493,-63.02547306556721,-61.77565752314596,-60.53134619120448,-59.238289142718344,-57.88711383105794,-56.48769809810995,-55.04017820698095,-53.546060059800425,-52.01411094376373,-50.4453388259246,-48.841571485696534,-47.210382629043714,-45.5535689004272,-43.87344600962414,-42.17631105482776,-40.46466633136659,-38.741481532461094,-37.01169412199373,-35.278429019620646,-33.54547595508535,-31.816329731419554,-30.094654866067312,-28.385227178374745,-26.690015783983096,-25.013141771584426,-23.36053310320716,-21.73255018056224,-20.133687637049878,-18.571191630460483,-17.043730822034853,-15.55609036334153,-14.117000661012582,-12.72335560927882,-11.380147851337288,-10.097758095741368,-8.871222443172028,-7.705658001915018,-6.6132618355246695,-5.587129224592343,-4.632418715952609,-3.76330978124041,-2.970873854417647,-2.260227894327916,-1.6476998337664546,-1.1222542335258487,-0.6888834379188492,-0.36622989398068073,-0.1410682627947916,-0.018136833104849686,0.0,0.0,0.0,0.0,0.0,0.0,0.0,0.0,0.0,0.0,0.0,0.0,0.0,0.0,0.0,0.0,0.0,0.0,0.0,0.0,0.0,0.0,0.0,0.0,0.0,0.0,0.0,0.0,0.0,0.0,0.0,0.0,0.0,0.0,0.0,0.0,0.0,0.0,0.0,0.0,0.0,0.0,0.0,0.0,0.0,0.0,0.0,0.0,0.0,0.0,0.0,0.0,0.0,0.0,0.0,0.0,0.0,0.0,0.0,0.0,0.0,0.0,0.0,0.0,0.0,0.0,0.0,0.0,0.0,0.0,0.0,0.0,0.0,0.0,0.0,0.0,0.0,0.0,0.0,0.0,0.0,0.0,0.0,0.0,0.0,0.0,0.0,0.0,0.0,0.0,0.0,0.0,0.0,0.0,0.0,0.0,0.0,0.0,0.0,0.0,0.0,0.0,0.0,0.0,0.0,0.0,0.0,0.0,0.0,0.0,0.0,0.0,0.0,0.0,0.0,0.0,0.0,0.0,0.0,0.0,0.0,0.0,0.0,0.0,0.0,0.0,0.0,0.0,0.0,0.0,0.0,0.0,0.0,0.0,0.0,0.0,0.0,0.0,0.0,0.0,0.0,0.0,0.0,0.0,0.0,0.0,0.0,0.0,0.0,0.0,0.0,0.0,0.0,0.0,0.0,0.0,0.0,0.0,0.0,0.0,0.0,0.0,0.0
IMP068305092018,0.0,8.254359259854947,17.189715020647764,25.574039431690053,32.05236256472376,35.359678763351404,37.47644619910133,39.52898788413222,41.51306266848543,43.42837960872172,45.28163548670733,47.0734872235788,48.797571882366526,50.45834872286915,52.059886110725984,53.60284096707355,55.07894673362243,56.496976542026935,57.85858850739053,59.16324865997194,60.40457765848641,61.591653502428315,62.725133112934195,63.80250860110914,64.82185509319167,65.78977004030652,66.70691036359024,67.56901242068534,68.37816947397147,69.1387165918948,69.85131069559189,70.51015055493382,71.12091123705906,71.68588359342642,72.20553242419828,72.67331344008775,73.09747081868765,73.47866148113457,73.81574234198563,74.1058915123804,74.35523865509052,74.5644406912525,74.7309648155094,74.85527520804503,74.94160518250088,74.99061166001347,74.99597117320958,74.9412946625108,74.82265134511918,74.64208283542602,74.39236963779233,74.08464366552434,73.72172003472396,73.30431936533449,72.82866517808236,72.30454086606696,71.73398804367962,71.11631086162473,70.45214030828653,69.74826877834553,69.00673788619304,68.22611334021414,67.41007754261173,66.56310991656694,65.68725207647113,64.78100931530966,63.849759395264826,62.896346794938076,61.92265907527081,60.928281301118126,59.91846838045269,58.89526192766579,57.86027061295836,56.81521181184644,55.76348701238219,54.70713782895696,53.648172067950796,52.58908336170145,51.53209780526024,50.479257013018476,49.43364595445503,48.397178464890054,47.37158327329367,46.35890199405719,45.36397478667789,44.38677963561912,43.4292259306894,42.49408174945522,41.585701431164686,40.67755506437223,39.72339807167832,38.71383065762239,37.65149041657925,36.545268875299065,35.39873497420188,34.21188872122412,32.99058264869924,31.740724599365258,30.465883513642225,29.167013402486138,27.85081122225698,26.521386388646636,25.18223514726696,23.83666885348425,22.489640289328218,21.144718395218927,19.805971503654316,18.47831922629421,17.164534001988713,15.868184771157878,14.595097210151824,13.349428672991742,12.132956512314207,10.949249668539297,9.807076418835303,8.707461345652662,7.652371972380507,6.64537723943892,5.699373281780479,4.8098813963527105,3.980244534263357,3.216366331304892,2.529451951063109,1.914152977167628,1.3740383500385078,0.91875764711899,0.5547765787589984,0.2777402401732214,0.09121757178174301,0.008757388284393163,0.0,0.0,0.0,0.0,0.0,0.0,0.0,0.0,0.0,0.0,0.0,0.0,0.0,0.0,0.0,0.0,0.0,0.0,0.0,0.0,0.0,0.0,0.0,0.0,0.0,0.0,0.0,0.0,0.0,0.0,0.0,0.0,0.0,0.0,0.0,0.0,0.0,0.0,0.0,0.0,0.0,0.0,0.0,0.0,0.0,0.0,0.0,0.0,0.0,0.0,0.0,0.0,0.0,0.0,0.0,0.0,0.0,0.0,0.0,0.0,0.0,0.0,0.0,0.0,0.0,0.0,0.0,0.0,0.0,0.0,0.0,0.0,0.0,0.0,0.0,0.0,0.0,0.0,0.0,0.0,0.0,0.0,0.0,0.0,0.0,0.0,0.0,0.0,0.0,0.0,0.0,0.0,0.0,0.0,0.0,0.0,0.0,0.0,0.0,0.0,0.0,0.0,0.0,0.0,0.0,0.0,0.0,0.0,0.0,0.0,0.0,0.0,0.0,0.0,0.0,0.0,0.0,0.0,0.0,0.0,0.0,0.0,0.0,0.0,0.0,0.0,0.0,0.0,0.0,0.0,0.0,0.0,0.0,0.0,0.0,0.0,0.0,0.0,0.0,0.0,0.0,0.0,0.0,0.0,0.0,0.0,0.0,0.0,0.0,0.0,0.0,0.0,0.0,0.0,0.0,0.0,0.0,0.0,0.0,0.0,0.0,0.0,0.0,0.0,0.0,0.0,0.0,0.0,0.0,0.0,0.0,0.0,0.0
IMP083710122018,0.0,-4.115985654018249,-8.36713077519512,-12.799587376706732,-17.095116950460433,-21.18808982770068,-24.823161042764326,-27.669291666740953,-30.091834160081643,-31.88402204298907,-33.64564926386125,-35.38350708092825,-37.06565238623206,-38.72293297209761,-40.346223977238736,-41.918690227870265,-43.4648971262279,-44.965745745783124,-46.42180588924111,-47.85021204758957,-49.22074270789887,-50.553669691682025,-51.85608803224585,-53.08988518492336,-54.292951956530416,-55.45323897735828,-56.55184349819406,-57.618323005123735,-58.62860313255558,-59.585287969048345,-60.508453158799384,-61.36085081917521,-62.16888891882368,-62.939392005549,-63.628652358554575,-64.28131666885747,-64.88212392803672,-65.41067807203109,-65.90124154048715,-66.32447739846029,-66.68559828094217,-67.00733385505013,-67.24512273815715,-67.43208330662527,-67.57419536217672,-67.62278331073318,-67.63842010571345,-67.60799721433627,-67.53367860300928,-67.43671610798586,-67.30003494085908,-67.1297270756862,-66.93804517525292,-66.70227664119169,-66.44210467345255,-66.15948154672977,-65.83414352670846,-65.49023260768266,-65.11927847724812,-64.71505680878374,-64.29353208975087,-63.841417864419746,-63.36443769879189,-62.87142433103156,-62.34532091961896,-61.80170740810723,-61.241298494459585,-60.65040885422013,-60.04628714810412,-59.42264541159773,-58.77610287959758,-58.11759813015689,-57.43789447960692,-56.74182420712568,-56.03506156563993,-55.306466909861484,-54.56699404817877,-53.81664298059177,-53.04778391373579,-52.271033614131184,-51.48254790453845,-50.68126670260416,-49.87336411635727,-49.05391467357395,-48.22633648784096,-47.3934067662314,-46.550164499072615,-45.70241448082054,-44.84996489227971,-43.990718592408804,-43.12892189291723,-42.26343584322366,-41.39499816495687,-40.525279935505395,-39.65392833347423,-38.78242442809111,-37.91082427211801,-37.03913550801042,-36.09095055663007,-35.05961757560543,-33.812355809356355,-32.47641346094184,-31.007784869277305,-29.41764740958242,-27.766622158352412,-26.01764547960757,-24.218691669507344,-22.38664285850233,-20.514265616236695,-18.64055479877162,-16.76533259608044,-14.922711488805241,-13.108303007015717,-11.345101526143129,-9.668049306953671,-8.047002503880195,-6.552769268385772,-5.175345280322464,-3.881719499005536,-2.8134020324488427,-1.869665618552178,-1.0731613577991916,-0.5520660279728264,-0.17494218728572983,-0.03614508001771499,0.0,0.0,0.0,0.0,0.0,0.0,0.0,0.0,0.0,0.0,0.0,0.0,0.0,0.0,0.0,0.0,0.0,0.0,0.0,0.0,0.0,0.0,0.0,0.0,0.0,0.0,0.0,0.0,0.0,0.0,0.0,0.0,0.0,0.0,0.0,0.0,0.0,0.0,0.0,0.0,0.0,0.0,0.0,0.0,0.0,0.0,0.0,0.0,0.0,0.0,0.0,0.0,0.0,0.0,0.0,0.0,0.0,0.0,0.0,0.0,0.0,0.0,0.0,0.0,0.0,0.0,0.0,0.0,0.0,0.0,0.0,0.0,0.0,0.0,0.0,0.0,0.0,0.0,0.0,0.0,0.0,0.0,0.0,0.0,0.0,0.0,0.0,0.0,0.0,0.0,0.0,0.0,0.0,0.0,0.0,0.0,0.0,0.0,0.0,0.0,0.0,0.0,0.0,0.0,0.0,0.0,0.0,0.0,0.0,0.0,0.0,0.0,0.0,0.0,0.0,0.0,0.0,0.0,0.0,0.0,0.0,0.0,0.0,0.0,0.0,0.0,0.0,0.0,0.0,0.0,0.0,0.0,0.0,0.0,0.0,0.0,0.0,0.0,0.0,0.0,0.0,0.0,0.0,0.0,0.0,0.0,0.0,0.0,0.0,0.0,0.0,0.0,0.0,0.0,0.0,0.0,0.0,0.0,0.0,0.0,0.0,0.0,0.0,0.0,0.0,0.0,0.0,0.0,0.0,0.0,0.0,0.0,0.0,0.0,0.0,0.0,0.0,0.0
IMP119104112019,0.0,4.392949604369519,9.141002335052272,13.964252588394913,18.5827947607441,22.716723248446474,26.08613244784871,28.357289498076394,30.080850576787533,31.762766392184464,33.4026281492013,35.000027052772175,36.55455430783121,38.06360439052319,39.52582748676766,40.94386455753961,42.31730680777316,43.64574544240242,44.92877166636152,46.165279169551454,47.350624571340774,48.48924318549925,49.580726216961004,50.62466487066015,51.62065035153083,52.568273864507155,53.46218320842546,54.30584365398197,55.09982775468343,55.84372671546398,56.53713174125773,57.179634036998834,57.76744477594034,58.30060734090638,58.78155279885905,59.209872354732504,59.58515721346084,59.90699857997819,60.17335065180399,60.38047562419108,60.532842727406475,60.63004316638433,60.67167402228408,60.65922772795861,60.59608169154864,60.47883659957753,60.31463454782893,60.10532184090675,59.852501158722326,59.55777518118699,59.22274658821209,58.84603998852315,58.431034573841686,57.9808795549154,57.49717761165562,56.9815314239737,56.435543671780955,55.859594644988945,55.254709264721726,54.62463533113843,53.970975524150404,53.29533252366898,52.599309009605506,51.88433663632519,51.15049468781929,50.40142523692609,49.63873096355691,48.86401454762309,48.07887866903598,47.284926007706915,46.48322691048465,45.67608533962864,44.865279997225414,44.052413563186306,43.239088717422646,42.4269081398458,41.61774200006807,40.81345170659634,40.01545869250616,39.22536563770886,38.44477522211577,37.67529012563823,36.9188760239198,36.17824967764085,35.440151625237235,34.65975594518812,33.82276095692932,32.93308284031808,31.99463777521165,31.00682039245213,29.97846519285539,28.91393452887844,27.81714458037851,26.69201152721284,25.5424515492387,24.371141893173196,23.183179204571015,21.983381075275314,20.775663685143364,19.563943214032392,18.352135841799637,17.14448041926142,15.945777760262906,14.759579684257591,13.589802371102724,12.440362000655542,11.315174752773283,10.218320070595635,9.15774495980989,8.134014455704033,7.151044738135352,6.212751986961063,5.323052382038407,4.485862103224625,3.710564903090737,2.9981694894934905,2.3508748861200943,1.7725972728278085,1.2672528294738612,0.8387577359154925,0.49572168998429333,0.2435288855047328,0.08077691493573452,0.01052790272580804,0.0,0.0,0.0,0.0,0.0,0.0,0.0,0.0,0.0,0.0,0.0,0.0,0.0,0.0,0.0,0.0,0.0,0.0,0.0,0.0,0.0,0.0,0.0,0.0,0.0,0.0,0.0,0.0,0.0,0.0,0.0,0.0,0.0,0.0,0.0,0.0,0.0,0.0,0.0,0.0,0.0,0.0,0.0,0.0,0.0,0.0,0.0,0.0,0.0,0.0,0.0,0.0,0.0,0.0,0.0,0.0,0.0,0.0,0.0,0.0,0.0,0.0,0.0,0.0,0.0,0.0,0.0,0.0,0.0,0.0,0.0,0.0,0.0,0.0,0.0,0.0,0.0,0.0,0.0,0.0,0.0,0.0,0.0,0.0,0.0,0.0,0.0,0.0,0.0,0.0,0.0,0.0,0.0,0.0,0.0,0.0,0.0,0.0,0.0,0.0,0.0,0.0,0.0,0.0,0.0,0.0,0.0,0.0,0.0,0.0,0.0,0.0,0.0,0.0,0.0,0.0,0.0,0.0,0.0,0.0,0.0,0.0,0.0,0.0,0.0,0.0,0.0,0.0,0.0,0.0,0.0,0.0,0.0,0.0,0.0,0.0,0.0,0.0,0.0,0.0,0.0,0.0,0.0,0.0,0.0,0.0,0.0,0.0,0.0,0.0,0.0,0.0,0.0,0.0,0.0,0.0,0.0,0.0,0.0,0.0,0.0,0.0,0.0,0.0,0.0,0.0,0.0,0.0,0.0,0.0,0.0,0.0,0.0,0.0,0.0,0.0,0.0,0.0,0.0
IMP115930092019,0.0,-7.612121088089011,-15.428854708004739,-23.502543600447044,-30.74933021280478,-37.122739051519055,-41.936937634271686,-45.464464863532015,-48.587813692660866,-51.61433561530697,-54.556580290654544,-57.44177325301497,-60.20867877644041,-62.90125606738714,-65.53212690118173,-68.02425726522505,-70.4524461232001,-72.798794597692,-75.01502501113121,-77.16410438756375,-79.20932652936492,-81.13493594362919,-82.99018478994839,-84.71767662567076,-86.33794399218928,-87.88464125982432,-89.2777988160799,-90.57800308628183,-91.79776701278348,-92.84364703006258,-93.80906715537708,-94.66959084232988,-95.36917519708915,-95.98509012894539,-96.46976960296132,-96.8083372466299,-97.06004825425067,-97.15239348015122,-97.16280605200514,-97.12162322038424,-97.0209984149348,-96.88741747724137,-96.72411140066124,-96.50210138440892,-96.25410498530404,-95.9717477708694,-95.64115654676385,-95.28620559042609,-94.89321244401276,-94.46150091623255,-94.00705630684047,-93.51184243432425,-92.98647150704795,-92.43999414878009,-91.85097475603682,-91.23940533344299,-90.60663888278962,-89.93394642338342,-89.2436394096506,-88.52969024758391,-87.78409445059695,-87.02251074990373,-86.23579408229953,-85.4247558519104,-84.59935636843534,-83.74828740116945,-82.87926764155671,-81.99751327947834,-81.09050721842658,-80.17096683376879,-79.23914792802752,-78.28579054830388,-77.32319044277959,-76.34805725206618,-75.35747440503428,-74.35927548282206,-73.34924321301233,-72.32889580285072,-71.30255896812913,-70.26604282509889,-69.22339175598616,-68.17637791293375,-67.12179310255883,-66.06429927867352,-65.00383583682968,-63.93983105962506,-62.87495538514573,-61.80904608477094,-60.743493710530544,-59.67869708963576,-58.61575713660583,-57.55611806950821,-56.49886140637653,-55.447306006567274,-54.401041150791,-53.358785349601,-52.32702970888825,-51.30159996861188,-50.282899909650816,-49.277278046267135,-48.24039263422326,-47.14880929882879,-45.941160007707396,-44.674701332183204,-43.3150344035648,-41.87921231460791,-40.39767810941666,-38.83768412156573,-37.23376203810588,-35.5972251065801,-33.90466059348796,-32.19271131885771,-30.459270243391735,-28.70386595998798,-26.943962297519867,-25.179585497799746,-23.423202361722254,-21.675417114748832,-19.94786112476593,-18.250571939347246,-16.574977911201067,-14.951999264946744,-13.373876833519416,-11.830546827533023,-10.379902058998645,-8.981019184895224,-7.641950055467575,-6.419471647578101,-5.2599011341311375,-4.194800683410484,-3.2586101713415756,-2.398424821883607,-1.6750495838613049,-1.0852197709455202,-0.5844923888091127,-0.270598897476526,-0.0856283454801975,0.0,0.0,0.0,0.0,0.0,0.0,0.0,0.0,0.0,0.0,0.0,0.0,0.0,0.0,0.0,0.0,0.0,0.0,0.0,0.0,0.0,0.0,0.0,0.0,0.0,0.0,0.0,0.0,0.0,0.0,0.0,0.0,0.0,0.0,0.0,0.0,0.0,0.0,0.0,0.0,0.0,0.0,0.0,0.0,0.0,0.0,0.0,0.0,0.0,0.0,0.0,0.0,0.0,0.0,0.0,0.0,0.0,0.0,0.0,0.0,0.0,0.0,0.0,0.0,0.0,0.0,0.0,0.0,0.0,0.0,0.0,0.0,0.0,0.0,0.0,0.0,0.0,0.0,0.0,0.0,0.0,0.0,0.0,0.0,0.0,0.0,0.0,0.0,0.0,0.0,0.0,0.0,0.0,0.0,0.0,0.0,0.0,0.0,0.0,0.0,0.0,0.0,0.0,0.0,0.0,0.0,0.0,0.0,0.0,0.0,0.0,0.0,0.0,0.0,0.0,0.0,0.0,0.0,0.0,0.0,0.0,0.0,0.0,0.0,0.0,0.0,0.0,0.0,0.0,0.0,0.0,0.0,0.0,0.0,0.0,0.0,0.0,0.0,0.0,0.0,0.0,0.0,0.0,0.0,0.0,0.0,0.0,0.0,0.0,0.0,0.0,0.0,0.0,0.0,0.0,0.0,0.0,0.0,0.0,0.0,0.0,0.0,0.0,0.0,0.0,0.0
IMP113419082019,0.0,6.8667795561433405,14.165002024051308,21.66612078185558,29.0934415262347,36.19036570891841,42.729000020184046,48.299380490098265,52.76245268160855,56.33261679430394,59.70098887565555,63.007694452405936,66.24936188490015,69.40910659765821,72.48931524407364,75.48782751819452,78.38603933210779,81.18651151837734,83.88862910431398,86.47240248913124,88.93989868544408,91.29238205338557,93.50881147885559,95.59009215540077,97.53970177553626,99.3358817114078,100.97770733837444,102.471203680893,103.79422859691486,104.94335964449206,105.9275031795828,106.72446754550374,107.32766448388061,107.74921568173261,107.96729264130876,107.99608452472859,107.93879254853043,107.8195988750158,107.63772495539841,107.40131562004318,107.108129082695,106.75651935035492,106.35464632853507,105.90103494337899,105.39334307100873,104.83966003541674,104.23919181847843,103.58907147877044,102.89723210209883,102.16347506940393,101.38457993505071,100.56823788999193,99.71476005756611,98.82074380126014,97.89355276050668,96.93392214437557,95.93843843880934,94.9140520750537,93.86183669124297,92.77853920910896,91.6706111950436,90.53933535763274,89.3819214735696,88.20410548188704,87.007213793117,85.7894605936019,84.5554102969946,83.30655642955792,82.04203193061647,80.76540100177692,79.47823862836604,78.18051084602394,76.8749529576446,75.56313575095204,74.2457727012349,72.92494152600828,71.60212315872653,70.27869285766002,68.95624206827861,67.63607621310013,66.3201466767099,65.00972994586617,63.70587027548342,62.41100951979514,61.12628052018158,59.852380707287075,58.5921567483264,57.34676915263548,56.11648286992172,54.890214844865476,53.57782768843548,52.16257922170117,50.64331839553416,49.02857141571097,47.33517171969103,45.564932466860576,43.725196087719254,41.83101558648872,39.886682945724345,37.89932759133998,35.88173670897399,33.84019571900528,31.782591813452907,29.718960974026512,27.657096673583013,25.606614640937796,23.574314268526063,21.569011696337355,19.60302196067429,17.679422479352308,15.807566674147948,14.003439659542188,12.265911493385023,10.604387493894578,9.03949362442113,7.565407197503871,6.191100042456898,4.942809742190912,3.8095354785886317,2.7993302067146946,1.9450138997311879,1.2299222235189748,0.6613238236271131,0.27773198392172654,0.058193319174646096,0.00042355088454461634,0.0,0.0,0.0,0.0,0.0,0.0,0.0,0.0,0.0,0.0,0.0,0.0,0.0,0.0,0.0,0.0,0.0,0.0,0.0,0.0,0.0,0.0,0.0,0.0,0.0,0.0,0.0,0.0,0.0,0.0,0.0,0.0,0.0,0.0,0.0,0.0,0.0,0.0,0.0,0.0,0.0,0.0,0.0,0.0,0.0,0.0,0.0,0.0,0.0,0.0,0.0,0.0,0.0,0.0,0.0,0.0,0.0,0.0,0.0,0.0,0.0,0.0,0.0,0.0,0.0,0.0,0.0,0.0,0.0,0.0,0.0,0.0,0.0,0.0,0.0,0.0,0.0,0.0,0.0,0.0,0.0,0.0,0.0,0.0,0.0,0.0,0.0,0.0,0.0,0.0,0.0,0.0,0.0,0.0,0.0,0.0,0.0,0.0,0.0,0.0,0.0,0.0,0.0,0.0,0.0,0.0,0.0,0.0,0.0,0.0,0.0,0.0,0.0,0.0,0.0,0.0,0.0,0.0,0.0,0.0,0.0,0.0,0.0,0.0,0.0,0.0,0.0,0.0,0.0,0.0,0.0,0.0,0.0,0.0,0.0,0.0,0.0,0.0,0.0,0.0,0.0,0.0,0.0,0.0,0.0,0.0,0.0,0.0,0.0,0.0,0.0,0.0,0.0,0.0,0.0,0.0,0.0,0.0,0.0,0.0,0.0,0.0,0.0,0.0,0.0,0.0,0.0,0.0,0.0,0.0,0.0,0.0,0.0,0.0,0.0,0.0,0.0
IMP121816122019,0.0,-4.040255033962001,-8.409262198105527,-12.923704906721609,-17.40026657410127,-21.655630614535543,-25.50648044231546,-28.76949947173204,-31.261412559286974,-33.06153375494708,-34.61046114013611,-36.12388848101767,-37.601448087189645,-39.04277226824989,-40.44749333379628,-41.8152435934267,-43.14565535673898,-44.43791018378241,-45.69049078784275,-46.90459264220306,-48.07984805646124,-49.21588934021514,-50.31234880306263,-51.368858754601575,-52.38505150442986,-53.360559362145324,-54.29501463734586,-55.18804963962933,-56.03929667859359,-56.848388063836516,-57.614956104955986,-58.33863311154984,-59.01905139321599,-59.655843259552256,-60.247590792357315,-60.79363689048586,-61.29491631990265,-61.751061390205535,-62.16170441099242,-62.526477691861146,-62.84501354240959,-63.11694427223562,-63.3419021909371,-63.51951960811191,-63.6494288333579,-63.73126217627294,-63.76469797768085,-63.75940589453866,-63.727457191446945,-63.67162525862696,-63.592312202471064,-63.48911527256178,-63.36287288906656,-63.2143963638567,-63.044087803324594,-62.85234931386259,-62.639583001863066,-62.40619097371838,-62.152575335820906,-61.87913819456301,-61.58628165633708,-61.274407827535455,-60.94391881455052,-60.59521672377464,-60.228703661600186,-59.84478173441953,-59.443853048625016,-59.02631971060905,-58.59183598390423,-58.14149674082471,-57.675799827144985,-57.19514734925745,-56.69994141355445,-56.19058412642836,-55.66747759427156,-55.1310239234764,-54.58162522043526,-54.019683591540506,-53.445601143184504,-52.85977998175963,-52.26262221365823,-51.654529945272714,-51.035905282995415,-50.40715033321871,-49.768612125397006,-49.12032981760362,-48.46316420393211,-47.797517390774836,-47.12379148452417,-46.44238859157249,-45.75371081831216,-45.05816027113554,-44.356139056435005,-43.64804928060293,-42.934293050031684,-42.21527247111361,-41.4913896502411,-40.76304669380653,-40.03064570820224,-39.294588799820616,-38.55527807505403,-37.81307239681344,-37.06835773630595,-36.32163624103475,-35.57331001739224,-34.82321290708454,-34.04059214071595,-33.13694796250364,-32.08800508663275,-30.907846234256365,-29.610554126527468,-28.210211484599157,-26.720901029624432,-25.156705482756298,-23.53170756514786,-21.859989997952088,-20.15563550232209,-18.43272679941086,-16.705640329326098,-14.989507699183589,-13.298493120616417,-11.646679314777705,-10.048149002820404,-8.516984905897631,-7.067269745162384,-5.713086241767668,-4.468517116866582,-3.3476450916121023,-2.3645528871573216,-1.5333232246552524,-0.8680388252589089,-0.3827824101213485,-0.09163670039561983,-0.004332367540185296,0.0,0.0,0.0,0.0,0.0,0.0,0.0,0.0,0.0,0.0,0.0,0.0,0.0,0.0,0.0,0.0,0.0,0.0,0.0,0.0,0.0,0.0,0.0,0.0,0.0,0.0,0.0,0.0,0.0,0.0,0.0,0.0,0.0,0.0,0.0,0.0,0.0,0.0,0.0,0.0,0.0,0.0,0.0,0.0,0.0,0.0,0.0,0.0,0.0,0.0,0.0,0.0,0.0,0.0,0.0,0.0,0.0,0.0,0.0,0.0,0.0,0.0,0.0,0.0,0.0,0.0,0.0,0.0,0.0,0.0,0.0,0.0,0.0,0.0,0.0,0.0,0.0,0.0,0.0,0.0,0.0,0.0,0.0,0.0,0.0,0.0,0.0,0.0,0.0,0.0,0.0,0.0,0.0,0.0,0.0,0.0,0.0,0.0,0.0,0.0,0.0,0.0,0.0,0.0,0.0,0.0,0.0,0.0,0.0,0.0,0.0,0.0,0.0,0.0,0.0,0.0,0.0,0.0,0.0,0.0,0.0,0.0,0.0,0.0,0.0,0.0,0.0,0.0,0.0,0.0,0.0,0.0,0.0,0.0,0.0,0.0,0.0,0.0,0.0,0.0,0.0,0.0,0.0,0.0,0.0,0.0,0.0,0.0,0.0,0.0,0.0,0.0,0.0,0.0,0.0,0.0,0.0,0.0,0.0,0.0,0.0,0.0,0.0,0.0,0.0,0.0,0.0,0.0,0.0
IMP114002092019,0.0,6.550519623558239,13.537289760797572,20.696231788639746,27.721391298152845,34.29705600074582,40.17004513435905,45.026278183916155,48.59073732519344,51.709466468071085,54.76842708503478,57.753504690135934,60.667788118439276,63.509581078154625,66.26866925444773,68.93817469792732,71.52246773014485,74.01712393891822,76.4015191273246,78.68797996179485,80.8726662378825,82.93871432742054,84.88701069389406,86.72081055931088,88.43065321900455,90.00045284723186,91.44303403172842,92.75455656804782,93.90919934259767,94.92022957592451,95.78747921840011,96.49414310078093,97.03329011268858,97.41593459107091,97.63617925675428,97.67538930768293,97.62668547179287,97.52091048192466,97.3526726837356,97.12722409542489,96.84929833420973,96.51770151245637,96.13007243214746,95.69456016000778,95.21255142029777,94.67824086816125,94.09970634551948,93.47926933638107,92.81473978966692,92.1077472769455,91.36344625880113,90.58257958286514,89.76169334048653,88.90809257375862,88.02316400694185,87.10455492234324,86.15621866745424,85.18114859355006,84.17934240871627,83.15083492608863,82.1001876055195,81.02878717126927,79.93495173586248,78.82329142905081,77.69547198963176,76.55157948297649,75.39347045034474,74.22379626617928,73.0437285536313,71.85373505560189,70.65677038711245,69.45422127242342,68.24709563102296,67.037404738632,65.82672338111512,64.61656256280864,63.40870970693858,62.204460367016296,61.0052012673022,59.813695678232875,58.630442616327606,57.45597771741916,56.203166800305404,54.80184538948217,53.26932045696552,51.6121884507546,49.82881010373616,47.947452559519775,45.97814480518122,43.92120699258012,41.79634763941464,39.61676240062252,37.39009328609162,35.12706292672772,32.84253100623264,30.546526511682224,28.250655651536597,25.966507852089183,23.70411180308195,21.478183043918783,19.29975016826977,17.17629336755633,15.120702333951886,13.153315184851875,11.274128435182964,9.49317107202093,7.838260131913115,6.308674236039345,4.910542051167982,3.665642239531064,2.5909880002031014,1.6810117963729965,0.9465187377833082,0.4321269577517755,0.11563753771360662,0.00489052418227319,0.0,0.0,0.0,0.0,0.0,0.0,0.0,0.0,0.0,0.0,0.0,0.0,0.0,0.0,0.0,0.0,0.0,0.0,0.0,0.0,0.0,0.0,0.0,0.0,0.0,0.0,0.0,0.0,0.0,0.0,0.0,0.0,0.0,0.0,0.0,0.0,0.0,0.0,0.0,0.0,0.0,0.0,0.0,0.0,0.0,0.0,0.0,0.0,0.0,0.0,0.0,0.0,0.0,0.0,0.0,0.0,0.0,0.0,0.0,0.0,0.0,0.0,0.0,0.0,0.0,0.0,0.0,0.0,0.0,0.0,0.0,0.0,0.0,0.0,0.0,0.0,0.0,0.0,0.0,0.0,0.0,0.0,0.0,0.0,0.0,0.0,0.0,0.0,0.0,0.0,0.0,0.0,0.0,0.0,0.0,0.0,0.0,0.0,0.0,0.0,0.0,0.0,0.0,0.0,0.0,0.0,0.0,0.0,0.0,0.0,0.0,0.0,0.0,0.0,0.0,0.0,0.0,0.0,0.0,0.0,0.0,0.0,0.0,0.0,0.0,0.0,0.0,0.0,0.0,0.0,0.0,0.0,0.0,0.0,0.0,0.0,0.0,0.0,0.0,0.0,0.0,0.0,0.0,0.0,0.0,0.0,0.0,0.0,0.0,0.0,0.0,0.0,0.0,0.0,0.0,0.0,0.0,0.0,0.0,0.0,0.0,0.0,0.0,0.0,0.0,0.0,0.0,0.0,0.0,0.0,0.0,0.0,0.0,0.0,0.0,0.0,0.0,0.0,0.0,0.0,0.0,0.0,0.0,0.0,0.0,0.0,0.0
IMP110511072019,0.0,3.3718793508325544,6.8147103171891725,10.311959218617087,13.847092374663527,17.404208853897426,20.96192676964308,24.50329465998081,28.01177884445785,31.462968309762676,34.841235581424385,38.13238486719896,41.319882486633624,44.37398079567898,47.27845982978377,50.02520183160318,52.686307367021996,55.404949986327914,58.191513866123145,61.020452623514345,63.87338894059004,66.7312000153124,69.57124717258445,72.37501005401182,75.12411134168305,77.79745960149995,80.36383144962915,82.81525986847299,85.13336754012008,87.29862171470961,89.26415966707624,91.03609503671689,92.59605050572016,93.92564875617452,94.9671247947448,95.7324085285626,96.20705320830231,96.37405521590505,96.35364256811336,96.28777758513827,96.18295670978169,96.03999622666971,95.85596827344438,95.63342207527413,95.37541387093391,95.0827599450498,94.75362839798149,94.38893273107875,93.99226894421756,93.56445332202402,93.10459325106368,92.61227986189115,92.09149223897168,91.54304666693135,90.96683314202997,90.36143377705034,89.73105406453527,89.07651028911087,88.3983183802194,87.69436478589533,86.96892473024735,86.22281449790155,85.45685037348403,84.66904319776513,83.86307454544695,83.03992960264243,82.2004246539777,81.34343932199879,80.47147381947303,79.5858259126725,78.68731188622327,77.77552346793526,76.85209286166467,75.9184737373308,74.97548237955974,74.02326594491359,73.06290198136084,72.09584338595631,71.1229064433261,70.1446370622728,69.16187148790057,68.17590516788808,67.18755438686142,66.1976071293519,65.20697169062285,64.21662939246507,63.227396519504644,62.240146455489885,61.25617289886674,60.27598636902635,59.30040315059484,58.33023952819829,57.367445421971205,56.41194640691091,55.46454458947099,54.52605625427755,53.58517502416535,52.57880841636976,51.4959006404176,50.340942262147884,49.1111242929684,47.81636634720369,46.46428788936867,45.0593794853023,43.602045923820754,42.09883905497472,40.5575323301446,38.982616315169324,37.37684766344451,35.74513428640488,34.09454170946735,32.42956049847092,30.7544372585616,29.07415978821613,27.394223774058975,25.71911978192917,24.05372245589412,22.404823307130552,20.77548627064152,19.170201912266023,17.593611002164014,16.0560325898701,14.55723694593694,13.10171463620354,11.693956226508883,10.346695383156847,9.058383546667313,7.83256570046375,6.673732410385128,5.595719433712765,4.597833819554599,3.6816628517686327,2.8516970961938126,2.122012488259913,1.4944955113208642,0.9679138368402378,0.5467580306569799,0.24448229352027404,0.06727636868808945,0.004875055176685853,0.0,0.0,0.0,0.0,0.0,0.0,0.0,0.0,0.0,0.0,0.0,0.0,0.0,0.0,0.0,0.0,0.0,0.0,0.0,0.0,0.0,0.0,0.0,0.0,0.0,0.0,0.0,0.0,0.0,0.0,0.0,0.0,0.0,0.0,0.0,0.0,0.0,0.0,0.0,0.0,0.0,0.0,0.0,0.0,0.0,0.0,0.0,0.0,0.0,0.0,0.0,0.0,0.0,0.0,0.0,0.0,0.0,0.0,0.0,0.0,0.0,0.0,0.0,0.0,0.0,0.0,0.0,0.0,0.0,0.0,0.0,0.0,0.0,0.0,0.0,0.0,0.0,0.0,0.0,0.0,0.0,0.0,0.0,0.0,0.0,0.0,0.0,0.0,0.0,0.0,0.0,0.0,0.0,0.0,0.0,0.0,0.0,0.0,0.0,0.0,0.0,0.0,0.0,0.0,0.0,0.0,0.0,0.0,0.0,0.0,0.0,0.0,0.0,0.0,0.0,0.0,0.0,0.0,0.0,0.0,0.0,0.0,0.0,0.0,0.0,0.0,0.0,0.0,0.0,0.0,0.0,0.0,0.0,0.0,0.0,0.0,0.0,0.0,0.0,0.0,0.0,0.0,0.0,0.0,0.0,0.0,0.0,0.0,0.0,0.0,0.0,0.0,0.0,0.0,0.0,0.0,0.0,0.0,0.0,0.0,0.0,0.0,0.0
IMP100801032019,0.0,-5.346448264651699,-10.692627979483792,-16.037098740918385,-21.0292393690037,-25.0764946394705,-28.67459897895959,-31.619392873390204,-34.50961923970219,-37.35395927555079,-40.0963974840914,-42.790663919722775,-45.3222172619929,-47.816790355771836,-50.074362123272394,-52.29378843262714,-54.24011561779556,-56.10898667701775,-57.7067612954281,-59.161980396018635,-60.361582706035705,-61.34005313949548,-62.091863399484055,-62.53055119042284,-62.78504929368529,-62.82881856448751,-62.80800964469708,-62.75200290679842,-62.69074544470056,-62.59325882693744,-62.489517137729706,-62.355840463751335,-62.21143615776641,-62.043001956086826,-61.85975664365739,-61.65799744279066,-61.43773273424941,-61.20408106270958,-60.94861856838921,-60.684506954690335,-60.395668284923524,-60.102529257579675,-59.7821360226991,-59.458172189654334,-59.11127592056268,-58.75796821455549,-58.38634211736102,-58.00551214872408,-57.61058875194085,-57.20405813100685,-56.787269963148916,-56.356860300250545,-55.91963988983196,-55.46717279530191,-55.01095267083673,-54.53824975500768,-54.06326728523082,-53.57334531821461,-53.08033771929007,-52.57571362376944,-52.06650250602991,-51.548608810518914,-51.02501578429709,-50.49528501730977,-49.95913169293833,-49.41899638298874,-48.872104370800386,-48.3229970464026,-47.767187956730005,-47.21039035732596,-46.64763658957392,-46.08413260483697,-45.51670440817889,-44.948315648441714,-44.377645551391645,-43.80619362698692,-43.23371415805894,-42.66102067931936,-42.088164367027495,-41.51605094428576,-40.94425031714407,-40.37453856073286,-39.80522614725541,-39.239737667507406,-38.674940804062956,-38.11490240345615,-37.55653950882624,-37.00328690742584,-36.45317959194314,-35.90814531826321,-35.36811519226042,-34.832731774814995,-34.304600448624804,-33.78030041592794,-33.26588949988304,-32.754105380448806,-32.25523648488188,-31.758350249834862,-31.275895542468046,-30.796762020050327,-30.3311208114883,-29.871507159686296,-29.423948621404346,-28.973079612113,-28.518464543521567,-28.04911397714979,-27.57014022855411,-27.074792274675534,-26.573713348947944,-26.05523357294344,-25.53408571158112,-24.995556940206722,-24.45475488460788,-23.900881444718557,-23.34329076026406,-22.77632615473216,-22.204812406802883,-21.627010138500737,-21.044438892477523,-20.458052464277458,-19.867289285541194,-19.274572200315564,-18.678482654247112,-18.08168841486822,-17.483138066848447,-16.884562630666803,-16.28637459159842,-15.688815981354859,-15.093311296750214,-14.4996350778256,-13.909067250557037,-13.322138988332252,-12.738761521272105,-12.16144678112799,-11.587513177148587,-11.022677524466022,-10.460441286439712,-9.910950286599567,-9.363465133284965,-8.831384135781796,-8.302721263199013,-7.789098140265933,-7.282123113795837,-6.789211368305152,-6.3067897533286095,-5.836842888152669,-5.381840250050559,-4.937111768061691,-4.512393672214862,-4.095137076285402,-3.703569088074729,-3.316037881077009,-2.9604855658833675,-2.609582094411205,-2.2882621738939593,-1.976852003328223,-1.6920179803597137,-1.4229666760812778,-1.1768720535338404,-0.9530451809235574,-0.7479434616695173,-0.5722065861082611,-0.4103512730199601,-0.2855699598886032,-0.16921455583837045,-0.09825437051777389,-0.033931497790632606,-0.014845030283401738,0.0,0.0,0.0,0.0,0.0,0.0,0.0,0.0,0.0,0.0,0.0,0.0,0.0,0.0,0.0,0.0,0.0,0.0,0.0,0.0,0.0,0.0,0.0,0.0,0.0,0.0,0.0,0.0,0.0,0.0,0.0,0.0,0.0,0.0,0.0,0.0,0.0,0.0,0.0,0.0,0.0,0.0,0.0,0.0,0.0,0.0,0.0,0.0,0.0,0.0,0.0,0.0,0.0,0.0,0.0,0.0,0.0,0.0,0.0,0.0,0.0,0.0,0.0,0.0,0.0,0.0,0.0,0.0,0.0,0.0,0.0,0.0,0.0,0.0,0.0,0.0,0.0,0.0,0.0,0.0,0.0,0.0,0.0,0.0,0.0,0.0,0.0,0.0,0.0,0.0,0.0,0.0,0.0,0.0,0.0,0.0,0.0,0.0,0.0,0.0,0.0,0.0,0.0,0.0,0.0,0.0,0.0,0.0,0.0,0.0,0.0,0.0,0.0,0.0,0.0,0.0,0.0,0.0,0.0,0.0,0.0,0.0,0.0,0.0,0.0,0.0,0.0,0.0,0.0,0.0,0.0,0.0,0.0,0.0,0.0
IMP117007102019,0.0,3.967720707740631,8.163064318028177,12.48861679538571,16.8469641043363,21.131627152778997,25.22045501979326,29.024355079551277,32.44591329657613,35.38771563539089,37.71901426355319,39.78333742060498,41.822132640180655,43.83282990506783,45.81254851820389,47.75393447131665,49.65884018020106,51.52469562764473,53.348930796435255,55.12604086852349,56.85178442950424,58.52752542229201,60.150693829674395,61.71871963443899,63.222046684772195,64.66240058569166,66.0392295944535,67.34996369384531,68.59070824268693,69.75040241452571,70.8356193874546,71.84378914426122,72.7723416677332,73.61261220547613,74.36094450535968,75.02127728236874,75.59104051929087,76.06766419891372,76.43628624485076,76.70350940484983,76.86921071800975,76.93124199966489,76.92277510139684,76.88055586884091,76.8120586988871,76.71779358598702,76.59827052459235,76.45203827968102,76.27998963592157,76.08434642597355,75.86561864428862,75.6243162853184,75.35805640483173,75.07001900412169,74.76107040843242,74.43172061221556,74.08176364953455,73.7103159643484,73.3201304609407,72.9117171337631,72.48558597726723,72.04074195057056,71.57830344573037,71.09981049387797,70.60577308946498,70.09670122694307,69.5710940067184,69.0315053364771,68.47854559043292,67.91272476303747,67.3340067878217,66.74230630547743,66.13940812408795,65.52582223810494,64.90205864197998,64.2677180447959,63.623865334347066,62.971498296062364,62.311126924393434,61.64324519834944,60.96742186512715,60.28525758082669,59.59726233989969,58.903946136797806,58.205582360345176,57.50260473631487,56.79596953241573,56.08618674309938,55.37376636281746,54.65904440644384,53.94275314585846,53.22548767661357,52.5077579931608,51.79008123513052,51.07311782414482,50.357353581257314,49.64329850091961,48.931462577583375,48.22256821119177,47.517289100947565,46.815892530010835,46.11888849283327,45.42678698386647,44.740798879601236,44.06104472435141,43.387856479618435,42.72174413985391,42.0600326347333,41.36235014345312,40.62075187010025,39.837504034799764,39.01487285767666,38.152554156766826,37.25317612763726,36.32180619093599,35.360710566788,34.37215547531837,33.35549399174594,32.31592299427704,31.256283963737328,30.178843120251894,29.085474509360314,27.977623491756965,26.859362095458703,25.732956540590614,24.60067304727769,23.464676730309804,22.32771400888615,21.192264783268584,20.060595273582106,18.934971699951724,17.819108750953752,16.714536895219844,15.623402409792954,14.547971514798068,13.491315368595496,12.457541923378438,11.446863502844304,10.461546327118084,9.503856616324851,8.57904891467841,7.688747599670196,6.833465183845801,6.0154678873303,5.2370219302487,4.506823747204676,3.8214971319152804,3.1831132903106667,2.5939384425158685,2.0588609923817938,1.583411218260563,1.1645618722000006,0.8045791743251742,0.5057293447611069,0.2769764898156641,0.11758267993235026,0.02671317261065547,0.0012268081642655693,0.0,0.0,0.0,0.0,0.0,0.0,0.0,0.0,0.0,0.0,0.0,0.0,0.0,0.0,0.0,0.0,0.0,0.0,0.0,0.0,0.0,0.0,0.0,0.0,0.0,0.0,0.0,0.0,0.0,0.0,0.0,0.0,0.0,0.0,0.0,0.0,0.0,0.0,0.0,0.0,0.0,0.0,0.0,0.0,0.0,0.0,0.0,0.0,0.0,0.0,0.0,0.0,0.0,0.0,0.0,0.0,0.0,0.0,0.0,0.0,0.0,0.0,0.0,0.0,0.0,0.0,0.0,0.0,0.0,0.0,0.0,0.0,0.0,0.0,0.0,0.0,0.0,0.0,0.0,0.0,0.0,0.0,0.0,0.0,0.0,0.0,0.0,0.0,0.0,0.0,0.0,0.0,0.0,0.0,0.0,0.0,0.0,0.0,0.0,0.0,0.0,0.0,0.0,0.0,0.0,0.0,0.0,0.0,0.0,0.0,0.0,0.0,0.0,0.0,0.0,0.0,0.0,0.0,0.0,0.0,0.0,0.0,0.0,0.0,0.0,0.0,0.0,0.0,0.0,0.0,0.0,0.0,0.0,0.0,0.0,0.0,0.0,0.0,0.0,0.0,0.0,0.0,0.0,0.0,0.0
IMP084214122018,0.0,-3.4842240346401034,-7.087016513728499,-10.813216965610016,-14.598183118821591,-18.32698675723261,-21.991105795944318,-25.363329317461247,-28.50465936492879,-31.378651326933845,-33.62469965406042,-35.65885583348681,-37.465263026211275,-39.24303488493583,-41.00405945967631,-42.74456749681933,-44.45049553413286,-46.13617379514741,-47.796188958730205,-49.41597133101351,-51.01200143468292,-52.57693000672672,-54.09626487036059,-55.588344973065674,-57.0435932355917,-58.448178746956934,-59.822007005078476,-61.15298124010795,-62.42851555558536,-63.669790125504164,-64.8618966150583,-65.99407789102867,-67.08849692912554,-68.12714195522557,-69.10166834806971,-70.03493001072543,-70.90551985539258,-71.70808952149129,-72.46589196508666,-73.15383291034215,-73.77014400607621,-74.33818538699204,-74.82888371485708,-75.24463439660731,-75.60861287122441,-75.88747486372024,-76.08836328786742,-76.23399099068219,-76.28649649885975,-76.27856992615541,-76.23129391193386,-76.13074744693292,-75.98930959914966,-75.81784669129557,-75.59561157055609,-75.33657172038343,-75.04964245054312,-74.71461717574499,-74.34669585482925,-73.95302075464903,-73.51410382747214,-73.04602156745963,-72.55432116858582,-72.02041109071011,-71.46088842324713,-70.879883257326,-70.25987853043138,-69.61763598716425,-68.95604658584216,-68.25884571160853,-67.54260382418353,-66.80915071910677,-66.04365219921404,-65.26213149927752,-64.4655352220924,-63.640637558220455,-62.80255857741871,-61.95129827968714,-61.07614135360031,-60.19022462357965,-59.29291293438875,-58.37650315032614,-57.45146920273286,-56.51700462376253,-55.56806251337045,-54.61263187985088,-53.649912912781026,-52.67715900770578,-51.700052219906226,-50.71797736641677,-49.730132198304666,-48.74006978787142,-47.747537549642274,-46.75332165013961,-45.759024148719014,-44.764933027430075,-43.773066928183184,-42.783254867421526,-41.79650336475269,-40.81570759740788,-39.83910150895148,-38.868588126582665,-37.90639447343697,-36.90838635025033,-35.83065139126067,-34.60610799457925,-33.30105241946838,-31.888487037952284,-30.376440202831407,-28.810434354480684,-27.173676738769565,-25.482551889774104,-23.764021192748316,-22.013709531173642,-20.25193209286839,-18.489301971732324,-16.73607445262558,-15.012069849575346,-13.313765728893848,-11.668260540586443,-10.09045419735602,-8.56490150169394,-7.13775683251729,-5.8145741736715495,-4.570198327593665,-3.4720523658792475,-2.5119188159829733,-1.657145244054094,-0.9986361781333837,-0.5099771617513948,-0.15277228013456678,-0.04125966689765756,0.0,0.0,0.0,0.0,0.0,0.0,0.0,0.0,0.0,0.0,0.0,0.0,0.0,0.0,0.0,0.0,0.0,0.0,0.0,0.0,0.0,0.0,0.0,0.0,0.0,0.0,0.0,0.0,0.0,0.0,0.0,0.0,0.0,0.0,0.0,0.0,0.0,0.0,0.0,0.0,0.0,0.0,0.0,0.0,0.0,0.0,0.0,0.0,0.0,0.0,0.0,0.0,0.0,0.0,0.0,0.0,0.0,0.0,0.0,0.0,0.0,0.0,0.0,0.0,0.0,0.0,0.0,0.0,0.0,0.0,0.0,0.0,0.0,0.0,0.0,0.0,0.0,0.0,0.0,0.0,0.0,0.0,0.0,0.0,0.0,0.0,0.0,0.0,0.0,0.0,0.0,0.0,0.0,0.0,0.0,0.0,0.0,0.0,0.0,0.0,0.0,0.0,0.0,0.0,0.0,0.0,0.0,0.0,0.0,0.0,0.0,0.0,0.0,0.0,0.0,0.0,0.0,0.0,0.0,0.0,0.0,0.0,0.0,0.0,0.0,0.0,0.0,0.0,0.0,0.0,0.0,0.0,0.0,0.0,0.0,0.0,0.0,0.0,0.0,0.0,0.0,0.0,0.0,0.0,0.0,0.0,0.0,0.0,0.0,0.0,0.0,0.0,0.0,0.0,0.0,0.0,0.0,0.0,0.0,0.0,0.0,0.0,0.0,0.0,0.0,0.0,0.0,0.0,0.0,0.0,0.0
IMP119014112019,0.0,2.449831657800551,4.979484719156669,7.594779494744279,10.209543895557436,12.749796165296814,15.19797868903304,17.336983105316445,19.247154967804082,20.864205743482117,22.205238314265433,23.50438873838914,24.78813306996415,26.045387453138368,27.285684774129862,28.501670947957518,29.682192027785693,30.84008222546621,31.963897481048733,33.04413123735211,34.09606029154289,35.1032918683825,36.05968428098231,36.98209817150459,37.848333309103495,38.65733035782099,39.42667506449601,40.127501002356446,40.76554866701286,41.35827016966186,41.86927414728604,42.3128184077026,42.70536268614683,43.002131943036986,43.227618779034934,43.39643885201683,43.454634351113214,43.468444681707346,43.44781159256283,43.39565421744261,43.32602124168222,43.24088823844787,43.12567686126395,42.995489687633835,42.85077154319457,42.67817646853759,42.492632884442656,42.2929416730457,42.06893590414401,41.83323369698912,41.58395670870518,41.31373803296365,41.03307499015369,40.73959951505345,40.428365719876965,40.10793962881683,39.775652956970966,39.428601829764425,39.07361047785899,38.707899899338194,38.330229227506464,37.94587040216062,37.55212320703558,37.14903077798355,36.74050226660217,36.32410574494357,35.90078934607613,35.47328893606411,35.03963037794264,34.601287796664664,34.160013275426884,33.71447997091324,33.26630899462962,32.81645814957096,32.36443738873581,31.911635804851425,31.458406423376776,31.005285496290817,30.55305109221056,30.101640961724797,29.65280715845872,29.206337721587463,28.761944629495474,28.322785240119963,27.88727855786259,27.455100291569263,27.031002606155003,26.611656465916415,26.19710986625929,25.793242121444305,25.39525431062936,25.003850350039524,24.62528665086832,24.253774165662907,23.890710987710065,23.522952961892454,23.14756741595211,22.76107371449691,22.359784914034893,21.950814228306392,21.531826816672666,21.10090190475436,20.6635482297675,20.2174589202231,19.76210004737828,19.301565533662842,18.833766138475625,18.35917545523409,17.880662253319873,17.39654458475768,16.907924241649223,16.416634502066017,15.92159037239671,15.424142519951108,14.925278393228682,14.424699614720115,13.923626403467173,13.42239004013533,12.921668425055357,12.422172005524844,11.923765556113368,11.42829291672985,10.935575439451563,10.445201054490244,9.960369203071018,9.479632818574746,9.002492648593382,8.53369339740631,8.07014025622184,7.611436451750202,7.164061613063137,6.72289386572027,6.288253162883654,5.867269963368949,5.453689760397452,5.0485611884626245,4.659114561651166,4.278324053580839,3.908099424815653,3.555391521237211,3.2125928585978385,2.8826639852701548,2.5718969554545295,2.272292288775904,1.988050983153563,1.7244269776305412,1.4732184574424538,1.2400565317933123,1.0287777010926809,0.831167477924912,0.6544767445168309,0.5007452391683813,0.36193546355072015,0.24710773465154534,0.15612570518506494,0.08131852764730892,0.0337456155249017,0.01033921918779164,0.0,0.0,0.0,0.0,0.0,0.0,0.0,0.0,0.0,0.0,0.0,0.0,0.0,0.0,0.0,0.0,0.0,0.0,0.0,0.0,0.0,0.0,0.0,0.0,0.0,0.0,0.0,0.0,0.0,0.0,0.0,0.0,0.0,0.0,0.0,0.0,0.0,0.0,0.0,0.0,0.0,0.0,0.0,0.0,0.0,0.0,0.0,0.0,0.0,0.0,0.0,0.0,0.0,0.0,0.0,0.0,0.0,0.0,0.0,0.0,0.0,0.0,0.0,0.0,0.0,0.0,0.0,0.0,0.0,0.0,0.0,0.0,0.0,0.0,0.0,0.0,0.0,0.0,0.0,0.0,0.0,0.0,0.0,0.0,0.0,0.0,0.0,0.0,0.0,0.0,0.0,0.0,0.0,0.0,0.0,0.0,0.0,0.0,0.0,0.0,0.0,0.0,0.0,0.0,0.0,0.0,0.0,0.0,0.0,0.0,0.0,0.0,0.0,0.0,0.0,0.0,0.0,0.0,0.0,0.0,0.0,0.0,0.0,0.0,0.0,0.0,0.0,0.0,0.0,0.0,0.0,0.0,0.0,0.0,0.0,0.0,0.0,0.0,0.0,0.0,0.0,0.0,0.0,0.0,0.0
